Size,Pattern,Algorithm,Mean_ms,Median_ms,StdDev_ms,Min_ms,Max_ms
10,Random,std::sort,0.000,0.000,0.000,0.000,0.000
10,Random,std::stable_sort,0.000,0.001,0.000,0.000,0.001
10,Random,qsort,0.000,0.000,0.000,0.000,0.000
10,Random,dual_pivot_quicksort,0.000,0.000,0.000,0.000,0.000
10,Nearly Sorted,std::sort,0.000,0.000,0.000,0.000,0.000
10,Nearly Sorted,std::stable_sort,0.000,0.000,0.000,0.000,0.001
10,Nearly Sorted,qsort,0.000,0.000,0.000,0.000,0.000
10,Nearly Sorted,dual_pivot_quicksort,0.000,0.000,0.000,0.000,0.000
10,Reverse Sorted,std::sort,0.000,0.000,0.000,0.000,0.000
10,Reverse Sorted,std::stable_sort,0.001,0.001,0.000,0.001,0.001
10,Reverse Sorted,qsort,0.000,0.000,0.000,0.000,0.000
10,Reverse Sorted,dual_pivot_quicksort,0.000,0.000,0.000,0.000,0.000
10,10% Unique,std::sort,0.000,0.000,0.000,0.000,0.001
10,10% Unique,std::stable_sort,0.000,0.000,0.000,0.000,0.001
10,10% Unique,qsort,0.000,0.000,0.000,0.000,0.000
10,10% Unique,dual_pivot_quicksort,0.000,0.000,0.000,0.000,0.000
10,50% Unique,std::sort,0.000,0.000,0.000,0.000,0.001
10,50% Unique,std::stable_sort,0.001,0.001,0.000,0.000,0.002
10,50% Unique,qsort,0.000,0.000,0.000,0.000,0.000
10,50% Unique,dual_pivot_quicksort,0.000,0.000,0.000,0.000,0.000
10,90% Unique,std::sort,0.000,0.000,0.000,0.000,0.001
10,90% Unique,std::stable_sort,0.001,0.001,0.000,0.000,0.001
10,90% Unique,qsort,0.000,0.000,0.000,0.000,0.000
10,90% Unique,dual_pivot_quicksort,0.000,0.000,0.000,0.000,0.000
10,Organ Pipe,std::sort,0.000,0.000,0.000,0.000,0.000
10,Organ Pipe,std::stable_sort,0.000,0.000,0.000,0.000,0.001
10,Organ Pipe,qsort,0.000,0.000,0.000,0.000,0.000
10,Organ Pipe,dual_pivot_quicksort,0.000,0.000,0.000,0.000,0.000
10,Sawtooth,std::sort,0.000,0.000,0.000,0.000,0.000
10,Sawtooth,std::stable_sort,0.000,0.000,0.000,0.000,0.000
10,Sawtooth,qsort,0.000,0.000,0.000,0.000,0.000
10,Sawtooth,dual_pivot_quicksort,0.000,0.000,0.000,0.000,0.000
100,Random,std::sort,0.005,0.005,0.000,0.005,0.006
100,Random,std::stable_sort,0.007,0.007,0.000,0.007,0.008
100,Random,qsort,0.003,0.003,0.000,0.003,0.003
100,Random,dual_pivot_quicksort,0.002,0.002,0.000,0.002,0.002
100,Nearly Sorted,std::sort,0.004,0.004,0.000,0.004,0.005
100,Nearly Sorted,std::stable_sort,0.006,0.006,0.000,0.006,0.007
100,Nearly Sorted,qsort,0.002,0.003,0.000,0.002,0.004
100,Nearly Sorted,dual_pivot_quicksort,0.001,0.001,0.000,0.001,0.001
100,Reverse Sorted,std::sort,0.004,0.004,0.000,0.004,0.006
100,Reverse Sorted,std::stable_sort,0.006,0.006,0.000,0.005,0.007
100,Reverse Sorted,qsort,0.002,0.003,0.000,0.002,0.003
100,Reverse Sorted,dual_pivot_quicksort,0.000,0.000,0.000,0.000,0.000
100,10% Unique,std::sort,0.005,0.005,0.000,0.005,0.006
100,10% Unique,std::stable_sort,0.007,0.007,0.000,0.007,0.008
100,10% Unique,qsort,0.003,0.003,0.000,0.003,0.005
100,10% Unique,dual_pivot_quicksort,0.001,0.001,0.000,0.001,0.002
100,50% Unique,std::sort,0.005,0.005,0.000,0.005,0.006
100,50% Unique,std::stable_sort,0.008,0.008,0.000,0.007,0.009
100,50% Unique,qsort,0.003,0.003,0.000,0.003,0.004
100,50% Unique,dual_pivot_quicksort,0.002,0.002,0.000,0.002,0.003
100,90% Unique,std::sort,0.006,0.006,0.000,0.005,0.007
100,90% Unique,std::stable_sort,0.008,0.007,0.000,0.007,0.009
100,90% Unique,qsort,0.003,0.003,0.000,0.003,0.005
100,90% Unique,dual_pivot_quicksort,0.002,0.002,0.000,0.001,0.003
100,Organ Pipe,std::sort,0.006,0.006,0.000,0.006,0.007
100,Organ Pipe,std::stable_sort,0.006,0.006,0.000,0.005,0.007
100,Organ Pipe,qsort,0.005,0.005,0.000,0.005,0.006
100,Organ Pipe,dual_pivot_quicksort,0.002,0.002,0.000,0.002,0.002
100,Sawtooth,std::sort,0.005,0.005,0.000,0.005,0.006
100,Sawtooth,std::stable_sort,0.006,0.006,0.000,0.006,0.007
100,Sawtooth,qsort,0.003,0.003,0.000,0.003,0.004
100,Sawtooth,dual_pivot_quicksort,0.002,0.002,0.000,0.001,0.002
1000,Random,std::sort,0.086,0.085,0.004,0.082,0.097
1000,Random,std::stable_sort,0.106,0.106,0.008,0.093,0.121
1000,Random,qsort,0.056,0.056,0.003,0.053,0.062
1000,Random,dual_pivot_quicksort,0.020,0.020,0.001,0.020,0.026
1000,Nearly Sorted,std::sort,0.046,0.046,0.000,0.045,0.047
1000,Nearly Sorted,std::stable_sort,0.069,0.069,0.001,0.066,0.071
1000,Nearly Sorted,qsort,0.035,0.035,0.000,0.034,0.036
1000,Nearly Sorted,dual_pivot_quicksort,0.012,0.011,0.001,0.011,0.014
1000,Reverse Sorted,std::sort,0.039,0.037,0.003,0.036,0.047
1000,Reverse Sorted,std::stable_sort,0.050,0.049,0.003,0.047,0.059
1000,Reverse Sorted,qsort,0.031,0.031,0.001,0.030,0.036
1000,Reverse Sorted,dual_pivot_quicksort,0.002,0.002,0.000,0.002,0.002
1000,10% Unique,std::sort,0.072,0.072,0.001,0.070,0.074
1000,10% Unique,std::stable_sort,0.094,0.094,0.002,0.092,0.100
1000,10% Unique,qsort,0.044,0.043,0.001,0.043,0.048
1000,10% Unique,dual_pivot_quicksort,0.018,0.018,0.000,0.017,0.019
1000,50% Unique,std::sort,0.076,0.076,0.001,0.075,0.079
1000,50% Unique,std::stable_sort,0.093,0.093,0.001,0.092,0.095
1000,50% Unique,qsort,0.058,0.056,0.004,0.056,0.072
1000,50% Unique,dual_pivot_quicksort,0.023,0.023,0.002,0.021,0.027
1000,90% Unique,std::sort,0.078,0.078,0.002,0.076,0.086
1000,90% Unique,std::stable_sort,0.095,0.095,0.003,0.091,0.104
1000,90% Unique,qsort,0.059,0.059,0.000,0.059,0.060
1000,90% Unique,dual_pivot_quicksort,0.022,0.022,0.001,0.021,0.025
1000,Organ Pipe,std::sort,0.111,0.108,0.005,0.104,0.123
1000,Organ Pipe,std::stable_sort,0.049,0.049,0.000,0.048,0.050
1000,Organ Pipe,qsort,0.079,0.079,0.000,0.079,0.080
1000,Organ Pipe,dual_pivot_quicksort,0.004,0.004,0.000,0.003,0.004
1000,Sawtooth,std::sort,0.064,0.063,0.002,0.063,0.074
1000,Sawtooth,std::stable_sort,0.059,0.058,0.002,0.057,0.064
1000,Sawtooth,qsort,0.045,0.045,0.000,0.045,0.047
1000,Sawtooth,dual_pivot_quicksort,0.015,0.015,0.000,0.015,0.016
10000,Random,std::sort,1.095,1.082,0.042,1.057,1.222
10000,Random,std::stable_sort,1.270,1.257,0.048,1.223,1.503
10000,Random,qsort,0.926,0.911,0.040,0.894,1.078
10000,Random,dual_pivot_quicksort,0.565,0.561,0.024,0.531,0.648
10000,Nearly Sorted,std::sort,0.623,0.609,0.032,0.596,0.712
10000,Nearly Sorted,std::stable_sort,0.841,0.831,0.032,0.795,0.941
10000,Nearly Sorted,qsort,0.544,0.532,0.027,0.521,0.636
10000,Nearly Sorted,dual_pivot_quicksort,0.218,0.216,0.009,0.205,0.249
10000,Reverse Sorted,std::sort,0.463,0.459,0.026,0.441,0.611
10000,Reverse Sorted,std::stable_sort,0.620,0.606,0.043,0.584,0.761
10000,Reverse Sorted,qsort,0.417,0.403,0.027,0.389,0.473
10000,Reverse Sorted,dual_pivot_quicksort,0.015,0.015,0.000,0.015,0.016
10000,10% Unique,std::sort,1.001,0.987,0.034,0.975,1.112
10000,10% Unique,std::stable_sort,1.236,1.234,0.021,1.196,1.294
10000,10% Unique,qsort,0.984,0.928,0.119,0.799,1.345
10000,10% Unique,dual_pivot_quicksort,0.559,0.541,0.049,0.498,0.651
10000,50% Unique,std::sort,1.121,1.079,0.088,1.061,1.377
10000,50% Unique,std::stable_sort,1.333,1.272,0.114,1.229,1.610
10000,50% Unique,qsort,0.917,0.903,0.034,0.895,1.057
10000,50% Unique,dual_pivot_quicksort,0.613,0.603,0.059,0.539,0.746
10000,90% Unique,std::sort,1.159,1.127,0.096,1.076,1.603
10000,90% Unique,std::stable_sort,1.283,1.266,0.056,1.233,1.591
10000,90% Unique,qsort,0.966,0.907,0.091,0.885,1.168
10000,90% Unique,dual_pivot_quicksort,0.583,0.558,0.043,0.546,0.721
10000,Organ Pipe,std::sort,1.934,1.914,0.077,1.821,2.104
10000,Organ Pipe,std::stable_sort,0.663,0.664,0.040,0.581,0.747
10000,Organ Pipe,qsort,1.584,1.587,0.096,1.349,1.784
10000,Organ Pipe,dual_pivot_quicksort,0.049,0.049,0.003,0.043,0.058
10000,Sawtooth,std::sort,0.949,0.955,0.067,0.846,1.102
10000,Sawtooth,std::stable_sort,0.710,0.712,0.034,0.611,0.773
10000,Sawtooth,qsort,0.825,0.808,0.125,0.690,1.304
10000,Sawtooth,dual_pivot_quicksort,0.043,0.043,0.004,0.036,0.050
20000,Random,std::sort,2.811,2.771,0.408,2.279,3.787
20000,Random,std::stable_sort,3.215,3.201,0.269,2.722,4.279
20000,Random,qsort,2.572,2.456,0.381,1.960,3.581
20000,Random,dual_pivot_quicksort,1.470,1.483,0.142,1.244,2.141
20000,Nearly Sorted,std::sort,1.492,1.516,0.127,1.308,1.806
20000,Nearly Sorted,std::stable_sort,2.278,2.269,0.212,1.859,2.975
20000,Nearly Sorted,qsort,1.219,1.176,0.115,1.108,1.487
20000,Nearly Sorted,dual_pivot_quicksort,0.561,0.559,0.054,0.477,0.691
20000,Reverse Sorted,std::sort,0.988,0.954,0.066,0.917,1.164
20000,Reverse Sorted,std::stable_sort,1.654,1.604,0.253,1.252,2.255
20000,Reverse Sorted,qsort,0.965,0.978,0.089,0.837,1.219
20000,Reverse Sorted,dual_pivot_quicksort,0.038,0.037,0.002,0.035,0.046
20000,10% Unique,std::sort,2.496,2.410,0.405,2.119,3.794
20000,10% Unique,std::stable_sort,3.124,3.180,0.252,2.719,3.676
20000,10% Unique,qsort,1.809,1.764,0.128,1.664,2.119
20000,10% Unique,dual_pivot_quicksort,1.267,1.276,0.105,1.105,1.583
20000,50% Unique,std::sort,2.625,2.661,0.236,2.266,3.176
20000,50% Unique,std::stable_sort,3.198,3.176,0.281,2.755,4.036
20000,50% Unique,qsort,2.556,2.508,0.369,1.964,3.317
20000,50% Unique,dual_pivot_quicksort,1.440,1.439,0.119,1.221,1.680
20000,90% Unique,std::sort,2.752,2.688,0.326,2.332,3.894
20000,90% Unique,std::stable_sort,3.291,3.204,0.487,2.675,4.660
20000,90% Unique,qsort,2.225,2.287,0.179,1.911,2.578
20000,90% Unique,dual_pivot_quicksort,1.440,1.464,0.134,1.273,1.795
20000,Organ Pipe,std::sort,5.169,5.047,0.702,4.372,7.938
20000,Organ Pipe,std::stable_sort,1.480,1.489,0.130,1.231,1.739
20000,Organ Pipe,qsort,3.242,3.220,0.273,2.914,3.859
20000,Organ Pipe,dual_pivot_quicksort,0.107,0.113,0.017,0.077,0.138
20000,Sawtooth,std::sort,2.357,2.274,0.403,1.859,3.522
20000,Sawtooth,std::stable_sort,1.489,1.448,0.136,1.309,1.754
20000,Sawtooth,qsort,1.630,1.674,0.130,1.435,1.864
20000,Sawtooth,dual_pivot_quicksort,0.064,0.062,0.006,0.057,0.095
30000,Random,std::sort,4.153,4.209,0.325,3.598,5.080
30000,Random,std::stable_sort,5.327,5.237,0.570,4.248,7.174
30000,Random,qsort,3.649,3.690,0.238,3.051,4.239
30000,Random,dual_pivot_quicksort,2.154,2.068,0.199,1.916,2.673
30000,Nearly Sorted,std::sort,2.286,2.299,0.201,1.981,2.772
30000,Nearly Sorted,std::stable_sort,3.192,3.108,0.241,2.896,3.945
30000,Nearly Sorted,qsort,2.337,2.283,0.193,2.037,2.876
30000,Nearly Sorted,dual_pivot_quicksort,0.837,0.811,0.061,0.761,0.997
30000,Reverse Sorted,std::sort,1.588,1.612,0.108,1.366,1.763
30000,Reverse Sorted,std::stable_sort,2.402,2.111,0.522,1.906,3.335
30000,Reverse Sorted,qsort,1.456,1.415,0.139,1.312,1.783
30000,Reverse Sorted,dual_pivot_quicksort,0.056,0.056,0.002,0.053,0.060
30000,10% Unique,std::sort,3.958,3.957,0.435,3.320,5.228
30000,10% Unique,std::stable_sort,4.826,4.759,0.544,4.107,6.192
30000,10% Unique,qsort,3.021,3.023,0.254,2.631,3.582
30000,10% Unique,dual_pivot_quicksort,1.967,1.963,0.149,1.730,2.293
30000,50% Unique,std::sort,4.421,4.369,0.435,3.807,6.016
30000,50% Unique,std::stable_sort,4.875,5.015,0.437,4.218,5.876
30000,50% Unique,qsort,3.803,3.638,0.660,2.973,5.064
30000,50% Unique,dual_pivot_quicksort,2.394,2.353,0.206,2.084,3.037
30000,90% Unique,std::sort,4.373,4.096,0.777,3.600,6.322
30000,90% Unique,std::stable_sort,5.143,5.022,0.589,4.310,6.712
30000,90% Unique,qsort,3.361,3.348,0.292,2.981,4.238
30000,90% Unique,dual_pivot_quicksort,2.292,2.309,0.274,1.899,3.175
30000,Organ Pipe,std::sort,8.171,7.983,1.093,6.683,11.513
30000,Organ Pipe,std::stable_sort,2.425,2.426,0.327,1.903,3.095
30000,Organ Pipe,qsort,5.567,5.369,0.807,4.735,8.843
30000,Organ Pipe,dual_pivot_quicksort,0.160,0.136,0.043,0.123,0.285
30000,Sawtooth,std::sort,3.689,3.438,0.748,2.831,5.370
30000,Sawtooth,std::stable_sort,2.301,2.211,0.271,2.002,3.252
30000,Sawtooth,qsort,2.522,2.572,0.198,2.210,2.975
30000,Sawtooth,dual_pivot_quicksort,0.106,0.104,0.016,0.085,0.166
40000,Random,std::sort,5.750,5.740,0.644,4.965,7.950
40000,Random,std::stable_sort,7.058,6.867,0.862,5.711,8.998
40000,Random,qsort,4.665,4.642,0.373,4.144,5.738
40000,Random,dual_pivot_quicksort,3.110,3.112,0.294,2.663,4.086
40000,Nearly Sorted,std::sort,3.576,3.619,0.398,2.988,4.960
40000,Nearly Sorted,std::stable_sort,5.130,5.126,0.563,4.167,6.771
40000,Nearly Sorted,qsort,2.961,2.984,0.138,2.693,3.207
40000,Nearly Sorted,dual_pivot_quicksort,1.331,1.298,0.113,1.210,1.699
40000,Reverse Sorted,std::sort,2.560,2.451,0.385,2.199,3.721
40000,Reverse Sorted,std::stable_sort,2.984,2.918,0.220,2.727,3.765
40000,Reverse Sorted,qsort,2.417,2.182,0.500,2.089,3.997
40000,Reverse Sorted,dual_pivot_quicksort,0.169,0.170,0.002,0.154,0.170
40000,10% Unique,std::sort,6.147,5.888,0.765,5.248,8.184
40000,10% Unique,std::stable_sort,6.773,6.754,0.268,6.295,7.351
40000,10% Unique,qsort,4.620,4.548,0.261,4.268,5.484
40000,10% Unique,dual_pivot_quicksort,3.750,3.737,0.267,3.141,4.207
40000,50% Unique,std::sort,6.144,5.941,0.636,5.321,7.888
40000,50% Unique,std::stable_sort,6.970,6.943,0.396,6.237,8.015
40000,50% Unique,qsort,6.048,6.040,0.603,4.911,7.366
40000,50% Unique,dual_pivot_quicksort,3.222,3.212,0.096,3.045,3.441
40000,90% Unique,std::sort,5.989,5.900,0.529,5.201,8.045
40000,90% Unique,std::stable_sort,7.062,6.922,0.664,6.087,8.841
40000,90% Unique,qsort,5.856,5.718,0.665,4.795,7.546
40000,90% Unique,dual_pivot_quicksort,3.114,3.088,0.146,2.914,3.645
40000,Organ Pipe,std::sort,12.959,12.654,1.809,10.684,20.733
40000,Organ Pipe,std::stable_sort,3.185,3.226,0.198,2.767,3.748
40000,Organ Pipe,qsort,8.343,7.753,1.251,7.101,11.671
40000,Organ Pipe,dual_pivot_quicksort,0.219,0.186,0.061,0.165,0.394
40000,Sawtooth,std::sort,4.826,4.783,0.359,4.327,6.817
40000,Sawtooth,std::stable_sort,3.220,3.089,0.391,2.743,4.326
40000,Sawtooth,qsort,4.168,3.952,0.651,3.482,5.785
40000,Sawtooth,dual_pivot_quicksort,0.139,0.138,0.004,0.133,0.157
50000,Random,std::sort,7.794,7.464,0.909,6.803,10.814
50000,Random,std::stable_sort,8.785,8.739,0.418,7.946,9.975
50000,Random,qsort,6.655,6.442,0.600,5.975,8.547
50000,Random,dual_pivot_quicksort,4.786,4.699,0.658,3.886,6.192
50000,Nearly Sorted,std::sort,5.057,4.834,0.703,4.497,7.279
50000,Nearly Sorted,std::stable_sort,5.845,5.766,0.424,5.317,7.934
50000,Nearly Sorted,qsort,3.745,3.716,0.144,3.534,4.173
50000,Nearly Sorted,dual_pivot_quicksort,1.898,1.741,0.283,1.601,2.733
50000,Reverse Sorted,std::sort,3.417,3.361,0.429,2.875,4.916
50000,Reverse Sorted,std::stable_sort,3.818,3.814,0.211,3.469,4.580
50000,Reverse Sorted,qsort,2.771,2.678,0.303,2.509,4.015
50000,Reverse Sorted,dual_pivot_quicksort,0.091,0.090,0.001,0.089,0.093
50000,10% Unique,std::sort,7.662,7.106,1.245,6.307,12.122
50000,10% Unique,std::stable_sort,8.814,8.816,0.315,8.349,9.451
50000,10% Unique,qsort,6.289,6.141,0.952,5.047,8.617
50000,10% Unique,dual_pivot_quicksort,4.108,3.949,0.397,3.650,5.264
50000,50% Unique,std::sort,7.484,7.406,0.421,6.819,9.050
50000,50% Unique,std::stable_sort,9.465,9.233,0.910,8.200,12.563
50000,50% Unique,qsort,7.076,7.041,0.705,6.020,8.835
50000,50% Unique,dual_pivot_quicksort,4.403,4.405,0.193,4.008,5.006
50000,90% Unique,std::sort,8.300,8.083,1.077,6.691,11.743
50000,90% Unique,std::stable_sort,8.846,8.717,0.536,7.956,10.512
50000,90% Unique,qsort,7.110,7.018,0.644,5.879,8.518
50000,90% Unique,dual_pivot_quicksort,4.202,4.147,0.270,3.719,4.745
50000,Organ Pipe,std::sort,17.036,16.527,2.123,13.614,21.620
50000,Organ Pipe,std::stable_sort,4.102,3.973,0.426,3.600,5.406
50000,Organ Pipe,qsort,10.932,10.717,0.813,9.711,12.947
50000,Organ Pipe,dual_pivot_quicksort,0.226,0.215,0.030,0.193,0.378
50000,Sawtooth,std::sort,6.792,6.352,1.202,5.380,9.652
50000,Sawtooth,std::stable_sort,4.177,4.089,0.453,3.678,5.576
50000,Sawtooth,qsort,5.826,5.693,0.505,5.202,7.354
50000,Sawtooth,dual_pivot_quicksort,0.185,0.186,0.004,0.172,0.194
60000,Random,std::sort,10.036,9.718,1.078,8.522,14.002
60000,Random,std::stable_sort,10.944,10.784,0.653,10.015,13.000
60000,Random,qsort,8.172,7.957,0.864,6.937,10.858
60000,Random,dual_pivot_quicksort,5.501,5.366,0.609,4.797,7.248
60000,Nearly Sorted,std::sort,5.087,5.109,0.213,4.593,5.526
60000,Nearly Sorted,std::stable_sort,8.070,7.993,0.971,6.788,11.130
60000,Nearly Sorted,qsort,4.549,4.494,0.292,4.136,5.795
60000,Nearly Sorted,dual_pivot_quicksort,2.055,2.067,0.083,1.851,2.341
60000,Reverse Sorted,std::sort,3.438,3.387,0.267,3.173,4.576
60000,Reverse Sorted,std::stable_sort,5.513,5.393,0.651,4.470,6.947
60000,Reverse Sorted,qsort,3.377,3.376,0.125,3.076,3.750
60000,Reverse Sorted,dual_pivot_quicksort,0.128,0.126,0.009,0.108,0.162
60000,10% Unique,std::sort,9.718,9.430,1.420,8.053,14.332
60000,10% Unique,std::stable_sort,11.111,10.852,0.876,10.093,15.341
60000,10% Unique,qsort,7.072,6.911,0.700,6.315,9.935
60000,10% Unique,dual_pivot_quicksort,5.004,4.853,0.737,4.085,7.775
60000,50% Unique,std::sort,9.572,9.543,0.571,8.622,10.937
60000,50% Unique,std::stable_sort,11.664,11.457,0.875,10.311,14.720
60000,50% Unique,qsort,7.598,7.602,0.249,7.071,8.221
60000,50% Unique,dual_pivot_quicksort,5.697,5.568,0.439,5.107,7.475
60000,90% Unique,std::sort,9.458,9.322,0.794,8.241,12.701
60000,90% Unique,std::stable_sort,12.832,12.302,1.680,10.872,18.310
60000,90% Unique,qsort,7.827,7.735,0.450,6.888,9.160
60000,90% Unique,dual_pivot_quicksort,6.071,5.765,0.848,4.861,7.953
60000,Organ Pipe,std::sort,18.634,18.505,1.587,16.371,23.228
60000,Organ Pipe,std::stable_sort,4.941,4.897,0.344,4.335,6.038
60000,Organ Pipe,qsort,13.630,13.065,1.804,11.688,20.127
60000,Organ Pipe,dual_pivot_quicksort,0.273,0.272,0.011,0.249,0.304
60000,Sawtooth,std::sort,6.960,6.890,0.335,6.263,7.884
60000,Sawtooth,std::stable_sort,5.445,5.430,0.317,4.896,6.460
60000,Sawtooth,qsort,6.747,6.287,1.173,5.571,11.598
60000,Sawtooth,dual_pivot_quicksort,0.203,0.200,0.015,0.190,0.296
70000,Random,std::sort,11.143,11.136,0.773,9.950,15.155
70000,Random,std::stable_sort,13.654,13.297,1.235,11.985,16.442
70000,Random,qsort,10.355,9.808,1.422,8.985,14.598
70000,Random,dual_pivot_quicksort,6.241,6.209,0.423,5.479,7.971
70000,Nearly Sorted,std::sort,5.858,5.836,0.351,5.231,7.125
70000,Nearly Sorted,std::stable_sort,9.751,9.492,1.322,7.825,14.126
70000,Nearly Sorted,qsort,5.681,5.660,0.602,4.975,8.717
70000,Nearly Sorted,dual_pivot_quicksort,2.601,2.356,0.433,2.179,3.787
70000,Reverse Sorted,std::sort,4.317,4.277,0.199,4.003,4.848
70000,Reverse Sorted,std::stable_sort,6.168,6.127,0.725,5.114,8.232
70000,Reverse Sorted,qsort,4.168,4.134,0.195,3.901,4.875
70000,Reverse Sorted,dual_pivot_quicksort,0.132,0.129,0.005,0.125,0.150
70000,10% Unique,std::sort,11.541,11.229,1.125,9.873,14.620
70000,10% Unique,std::stable_sort,13.895,13.217,1.831,11.932,19.723
70000,10% Unique,qsort,9.137,9.105,0.692,7.951,11.561
70000,10% Unique,dual_pivot_quicksort,5.754,5.748,0.216,5.299,6.322
70000,50% Unique,std::sort,12.266,11.892,1.334,10.678,16.516
70000,50% Unique,std::stable_sort,14.181,14.030,0.913,12.636,17.336
70000,50% Unique,qsort,10.423,10.463,0.716,9.023,12.512
70000,50% Unique,dual_pivot_quicksort,6.741,6.673,0.577,5.732,8.075
70000,90% Unique,std::sort,11.319,11.286,0.519,10.488,13.176
70000,90% Unique,std::stable_sort,14.527,14.357,1.369,12.344,18.380
70000,90% Unique,qsort,9.689,9.495,0.739,8.715,12.468
70000,90% Unique,dual_pivot_quicksort,6.242,6.246,0.485,5.485,8.051
70000,Organ Pipe,std::sort,22.825,22.010,3.131,18.984,34.673
70000,Organ Pipe,std::stable_sort,6.129,6.015,0.652,5.066,8.034
70000,Organ Pipe,qsort,16.698,16.209,2.026,14.550,23.674
70000,Organ Pipe,dual_pivot_quicksort,0.288,0.284,0.019,0.277,0.380
70000,Sawtooth,std::sort,9.493,9.015,1.184,8.171,14.267
70000,Sawtooth,std::stable_sort,6.036,5.938,0.422,5.437,7.493
70000,Sawtooth,qsort,8.157,7.739,1.020,6.960,11.228
70000,Sawtooth,dual_pivot_quicksort,0.265,0.262,0.015,0.247,0.340
80000,Random,std::sort,13.753,13.410,1.355,11.751,17.899
80000,Random,std::stable_sort,16.557,16.418,1.168,14.658,19.253
80000,Random,qsort,11.793,11.486,1.066,10.185,15.208
80000,Random,dual_pivot_quicksort,7.402,6.982,0.868,6.380,9.894
80000,Nearly Sorted,std::sort,6.772,6.764,0.325,6.106,7.537
80000,Nearly Sorted,std::stable_sort,11.557,11.104,1.584,9.534,16.558
80000,Nearly Sorted,qsort,6.552,6.412,0.496,5.995,8.184
80000,Nearly Sorted,dual_pivot_quicksort,2.850,2.811,0.164,2.521,3.369
80000,Reverse Sorted,std::sort,4.884,4.835,0.307,4.409,6.213
80000,Reverse Sorted,std::stable_sort,7.162,6.744,1.047,5.941,9.655
80000,Reverse Sorted,qsort,4.888,4.762,0.500,4.447,6.845
80000,Reverse Sorted,dual_pivot_quicksort,0.143,0.141,0.003,0.141,0.156
80000,10% Unique,std::sort,13.009,12.584,1.418,11.477,18.002
80000,10% Unique,std::stable_sort,15.539,15.309,1.045,13.943,19.128
80000,10% Unique,qsort,10.612,10.411,0.928,9.210,13.305
80000,10% Unique,dual_pivot_quicksort,7.081,6.965,0.875,5.798,8.841
80000,50% Unique,std::sort,13.558,12.954,1.505,11.794,17.363
80000,50% Unique,std::stable_sort,16.277,15.868,1.643,13.742,21.495
80000,50% Unique,qsort,11.945,11.679,1.241,10.173,15.567
80000,50% Unique,dual_pivot_quicksort,7.003,6.706,0.701,6.095,8.799
80000,90% Unique,std::sort,13.422,12.975,1.370,11.559,17.089
80000,90% Unique,std::stable_sort,16.757,16.730,1.662,14.104,20.641
80000,90% Unique,qsort,11.030,10.791,1.026,9.500,13.662
80000,90% Unique,dual_pivot_quicksort,7.509,7.384,0.807,6.190,9.807
80000,Organ Pipe,std::sort,26.895,25.767,3.140,23.533,36.129
80000,Organ Pipe,std::stable_sort,6.847,6.560,0.851,5.870,9.193
80000,Organ Pipe,qsort,19.548,18.096,3.337,16.247,30.300
80000,Organ Pipe,dual_pivot_quicksort,0.343,0.343,0.009,0.311,0.359
80000,Sawtooth,std::sort,10.427,10.110,1.262,9.118,15.200
80000,Sawtooth,std::stable_sort,6.974,6.691,0.842,6.034,9.916
80000,Sawtooth,qsort,8.104,7.829,0.777,7.261,10.832
80000,Sawtooth,dual_pivot_quicksort,0.284,0.278,0.020,0.260,0.371
90000,Random,std::sort,15.380,14.769,1.479,13.142,19.361
90000,Random,std::stable_sort,17.706,17.178,1.746,15.730,22.716
90000,Random,qsort,12.563,12.198,1.339,10.861,17.378
90000,Random,dual_pivot_quicksort,8.398,8.164,0.762,7.452,10.502
90000,Nearly Sorted,std::sort,8.266,8.162,0.812,6.983,11.861
90000,Nearly Sorted,std::stable_sort,12.394,11.925,1.411,10.752,17.878
90000,Nearly Sorted,qsort,7.692,7.405,0.863,6.605,10.309
90000,Nearly Sorted,dual_pivot_quicksort,3.563,3.558,0.184,3.259,4.151
90000,Reverse Sorted,std::sort,6.221,6.031,1.039,5.134,9.336
90000,Reverse Sorted,std::stable_sort,7.742,7.481,0.816,6.684,10.350
90000,Reverse Sorted,qsort,5.205,5.180,0.202,4.786,5.878
90000,Reverse Sorted,dual_pivot_quicksort,0.166,0.166,0.008,0.157,0.197
90000,10% Unique,std::sort,14.299,13.996,1.150,12.777,17.792
90000,10% Unique,std::stable_sort,18.217,18.009,1.809,15.585,23.813
90000,10% Unique,qsort,11.309,11.226,0.819,10.111,14.328
90000,10% Unique,dual_pivot_quicksort,7.291,7.128,0.743,6.494,10.062
90000,50% Unique,std::sort,15.299,14.939,1.498,13.646,21.033
90000,50% Unique,std::stable_sort,17.792,17.730,1.154,15.904,21.530
90000,50% Unique,qsort,12.973,12.701,0.881,11.610,16.658
90000,50% Unique,dual_pivot_quicksort,8.566,8.095,1.076,7.221,11.372
90000,90% Unique,std::sort,15.031,14.477,1.797,13.490,22.073
90000,90% Unique,std::stable_sort,19.150,18.784,1.782,16.430,23.327
90000,90% Unique,qsort,12.347,12.368,0.652,11.155,13.691
90000,90% Unique,dual_pivot_quicksort,8.544,8.223,1.004,7.193,11.487
90000,Organ Pipe,std::sort,29.993,29.482,3.011,26.154,41.796
90000,Organ Pipe,std::stable_sort,8.379,8.319,1.106,6.680,11.259
90000,Organ Pipe,qsort,21.994,21.301,2.296,19.348,30.161
90000,Organ Pipe,dual_pivot_quicksort,0.392,0.391,0.011,0.365,0.420
90000,Sawtooth,std::sort,11.796,10.815,2.053,10.046,18.465
90000,Sawtooth,std::stable_sort,8.385,8.267,0.940,6.616,11.566
90000,Sawtooth,qsort,10.159,9.957,1.248,8.557,13.826
90000,Sawtooth,dual_pivot_quicksort,0.306,0.300,0.021,0.274,0.406
100000,Random,std::sort,17.031,16.337,1.974,14.658,23.753
100000,Random,std::stable_sort,20.319,19.657,2.292,17.604,27.729
100000,Random,qsort,14.002,13.846,1.036,12.620,17.867
100000,Random,dual_pivot_quicksort,9.563,9.428,0.707,8.354,12.006
100000,Nearly Sorted,std::sort,9.145,9.064,0.667,8.203,11.690
100000,Nearly Sorted,std::stable_sort,13.924,13.473,1.798,11.477,18.855
100000,Nearly Sorted,qsort,8.375,8.154,0.955,7.267,13.715
100000,Nearly Sorted,dual_pivot_quicksort,3.593,3.571,0.095,3.453,3.839
100000,Reverse Sorted,std::sort,6.299,6.044,0.877,5.352,9.424
100000,Reverse Sorted,std::stable_sort,8.895,8.838,0.407,8.118,9.918
100000,Reverse Sorted,qsort,6.439,6.163,0.915,5.668,10.324
100000,Reverse Sorted,dual_pivot_quicksort,0.186,0.183,0.009,0.177,0.223
100000,10% Unique,std::sort,15.482,15.379,0.795,14.098,18.728
100000,10% Unique,std::stable_sort,20.796,20.350,2.036,17.725,27.180
100000,10% Unique,qsort,12.641,12.418,0.811,11.421,14.480
100000,10% Unique,dual_pivot_quicksort,8.944,8.534,0.944,7.705,11.280
100000,50% Unique,std::sort,17.171,16.599,2.019,14.684,23.177
100000,50% Unique,std::stable_sort,20.083,19.470,2.015,17.823,26.214
100000,50% Unique,qsort,14.151,13.590,1.578,12.105,18.019
100000,50% Unique,dual_pivot_quicksort,10.005,9.843,1.088,8.407,12.433
100000,90% Unique,std::sort,17.611,17.387,1.476,14.622,20.908
100000,90% Unique,std::stable_sort,20.962,20.645,1.894,17.928,25.454
100000,90% Unique,qsort,14.319,13.958,1.401,12.650,18.949
100000,90% Unique,dual_pivot_quicksort,10.019,9.931,0.784,8.826,12.890
100000,Organ Pipe,std::sort,35.817,34.772,3.686,31.034,46.808
100000,Organ Pipe,std::stable_sort,8.474,8.342,0.679,7.410,11.712
100000,Organ Pipe,qsort,24.257,23.871,1.651,21.779,28.751
100000,Organ Pipe,dual_pivot_quicksort,0.407,0.408,0.028,0.354,0.515
100000,Sawtooth,std::sort,14.455,13.450,2.631,12.124,24.573
100000,Sawtooth,std::stable_sort,8.764,8.654,0.615,8.054,11.380
100000,Sawtooth,qsort,11.336,11.127,1.047,10.096,15.585
100000,Sawtooth,dual_pivot_quicksort,0.357,0.347,0.040,0.324,0.553
